draw_index,stable,note,m_b,a_b,e_b,inc_b,Omega_b,omega_b,M_b,m_c,a_c,e_c,inc_c,Omega_c,omega_c,M_c,m_d,a_d,e_d,inc_d,Omega_d,omega_d,M_d,m_e,a_e,e_e,inc_e,Omega_e,omega_e,M_e,detail_file
3186,False,orbit crossing,2.8828745865873613e-05,0.079,0.0,1.5707963267948966,0.0,1.5707963267948966,1.101827867291238,1.3612078e-05,0.17053437,0.118754484,1.5707963267948966,0.0,-2.067196,1.3250327,8.403044e-06,0.20746487,0.10196001,1.5707963267948966,0.0,-2.076192,3.7527087,0.00034269932999498763,0.4,0.0,1.5707963267948966,0.0,4.014257279586958,4.090677566041135,sim_details_e=0_rhill/sim_3186.csv
3002,False,orbit crossing,2.8828745865873613e-05,0.079,0.0,1.5707963267948966,0.0,1.5707963267948966,1.101827867291238,1.6514045e-05,0.17053473,0.18247797,1.5707963267948966,0.0,-2.4827752,1.9313903,1.0897781e-05,0.20746355,0.15650932,1.5707963267948966,0.0,-2.4857578,4.322913,0.00034269932999498763,0.4,0.0,1.5707963267948966,0.0,4.014257279586958,4.090677566041135,sim_details_e=0_rhill/sim_3002.csv
3251,False,orbit crossing,2.8828745865873613e-05,0.079,0.0,1.5707963267948966,0.0,1.5707963267948966,1.101827867291238,1.8871739e-05,0.1705333,0.28383648,1.5707963267948966,0.0,-2.1484458,1.6576843,1.3163603e-05,0.20746845,0.2432012,1.5707963267948966,0.0,-2.1458714,4.0273967,0.00034269932999498763,0.4,0.0,1.5707963267948966,0.0,4.014257279586958,4.090677566041135,sim_details_e=0_rhill/sim_3251.csv
1575,False,orbit crossing,2.8828745865873613e-05,0.079,0.0,1.5707963267948966,0.0,1.5707963267948966,1.101827867291238,1.6027825e-05,0.17053373,0.3012821,1.5707963267948966,0.0,-2.0762794,1.5724497,9.5472615e-06,0.20746705,0.2589178,1.5707963267948966,0.0,-2.0784223,3.9507806,0.00034269932999498763,0.4,0.0,1.5707963267948966,0.0,4.014257279586958,4.090677566041135,sim_details_e=0_rhill/sim_1575.csv
5464,False,orbit crossing,2.8828745865873613e-05,0.079,0.0,1.5707963267948966,0.0,1.5707963267948966,1.101827867291238,1.709488e-05,0.17053398,0.26069775,1.5707963267948966,0.0,-2.2929077,1.8286357,1.2164251e-05,0.20746583,0.22347777,1.5707963267948966,0.0,-2.2928145,4.1996865,0.00034269932999498763,0.4,0.0,1.5707963267948966,0.0,4.014257279586958,4.090677566041135,sim_details_e=0_rhill/sim_5464.csv
3291,False,orbit crossing,2.8828745865873613e-05,0.079,0.0,1.5707963267948966,0.0,1.5707963267948966,1.101827867291238,1.3949118e-05,0.17053454,0.17371798,1.5707963267948966,0.0,-2.842578,2.3210082,7.907573e-06,0.20746209,0.15033501,1.5707963267948966,0.0,-2.8463786,4.713515,0.00034269932999498763,0.4,0.0,1.5707963267948966,0.0,4.014257279586958,4.090677566041135,sim_details_e=0_rhill/sim_3291.csv
2805,False,orbit crossing,2.8828745865873613e-05,0.079,0.0,1.5707963267948966,0.0,1.5707963267948966,1.101827867291238,1.4265419e-05,0.1705343,0.26850203,1.5707963267948966,0.0,-2.419941,2.015472,9.393072e-06,0.20746352,0.23159106,1.5707963267948966,0.0,-2.422706,4.384453,0.00034269932999498763,0.4,0.0,1.5707963267948966,0.0,4.014257279586958,4.090677566041135,sim_details_e=0_rhill/sim_2805.csv
5471,True,stable,2.8828745865873613e-05,0.079,0.0,1.5707963267948966,0.0,1.5707963267948966,1.101827867291238,1.3600726e-05,0.1705349,0.018492978,1.5707963267948966,0.0,-2.1787274,1.3352218,8.424797e-06,0.20746271,0.015734471,1.5707963267948966,0.0,-2.244009,3.8346066,0.00034269932999498763,0.4,0.0,1.5707963267948966,0.0,4.014257279586958,4.090677566041135,sim_details_e=0_rhill/sim_5471.csv
4381,False,orbit crossing,2.8828745865873613e-05,0.079,0.0,1.5707963267948966,0.0,1.5707963267948966,1.101827867291238,1.5794489e-05,0.17053469,0.17554373,1.5707963267948966,0.0,-2.6468332,2.109879,9.961921e-06,0.20746307,0.15091498,1.5707963267948966,0.0,-2.6501591,4.501145,0.00034269932999498763,0.4,0.0,1.5707963267948966,0.0,4.014257279586958,4.090677566041135,sim_details_e=0_rhill/sim_4381.csv
2647,False,encounter,2.8828745865873613e-05,0.079,0.0,1.5707963267948966,0.0,1.5707963267948966,1.101827867291238,1.6903166e-05,0.17053369,0.32848817,1.5707963267948966,0.0,-2.260331,1.9056497,9.537792e-06,0.20746468,0.28271642,1.5707963267948966,0.0,-2.261384,4.2591796,0.00034269932999498763,0.4,0.0,1.5707963267948966,0.0,4.014257279586958,4.090677566041135,sim_details_e=0_rhill/sim_2647.csv
2542,False,orbit crossing,2.8828745865873613e-05,0.079,0.0,1.5707963267948966,0.0,1.5707963267948966,1.101827867291238,1.678924e-05,0.17053464,0.2050182,1.5707963267948966,0.0,-2.7874713,2.32583,1.10882675e-05,0.20746244,0.17607228,1.5707963267948966,0.0,-2.7899795,4.7054234,0.00034269932999498763,0.4,0.0,1.5707963267948966,0.0,4.014257279586958,4.090677566041135,sim_details_e=0_rhill/sim_2542.csv
1826,False,orbit crossing,2.8828745865873613e-05,0.079,0.0,1.5707963267948966,0.0,1.5707963267948966,1.101827867291238,1.6686909e-05,0.17053431,0.23058233,1.5707963267948966,0.0,-2.4775248,2.016168,1.0086805e-05,0.20746352,0.19802077,1.5707963267948966,0.0,-2.479939,4.3928127,0.00034269932999498763,0.4,0.0,1.5707963267948966,0.0,4.014257279586958,4.090677566041135,sim_details_e=0_rhill/sim_1826.csv
5528,False,orbit crossing,2.8828745865873613e-05,0.079,0.0,1.5707963267948966,0.0,1.5707963267948966,1.101827867291238,1.3799133e-05,0.17053434,0.22856173,1.5707963267948966,0.0,-2.6535842,2.2240634,8.004183e-06,0.20746249,0.19748662,1.5707963267948966,0.0,-2.6573005,4.601363,0.00034269932999498763,0.4,0.0,1.5707963267948966,0.0,4.014257279586958,4.090677566041135,sim_details_e=0_rhill/sim_5528.csv
1268,False,orbit crossing,2.8828745865873613e-05,0.079,0.0,1.5707963267948966,0.0,1.5707963267948966,1.101827867291238,1.7833483e-05,0.17053425,0.2583877,1.5707963267948966,0.0,-2.592793,2.2133908,1.1670065e-05,0.20746326,0.22161855,1.5707963267948966,0.0,-2.5941892,4.5763774,0.00034269932999498763,0.4,0.0,1.5707963267948966,0.0,4.014257279586958,4.090677566041135,sim_details_e=0_rhill/sim_1268.csv
3461,False,orbit crossing,2.8828745865873613e-05,0.079,0.0,1.5707963267948966,0.0,1.5707963267948966,1.101827867291238,1.4649886e-05,0.17053442,0.2984805,1.5707963267948966,0.0,-2.5909636,2.2949052,9.004776e-06,0.20746182,0.25764558,1.5707963267948966,0.0,-2.5946362,4.6500254,0.00034269932999498763,0.4,0.0,1.5707963267948966,0.0,4.014257279586958,4.090677566041135,sim_details_e=0_rhill/sim_3461.csv
4773,False,encounter,2.8828745865873613e-05,0.079,0.0,1.5707963267948966,0.0,1.5707963267948966,1.101827867291238,1.9456797e-05,0.17053373,0.34362027,1.5707963267948966,0.0,-2.3135812,2.0145202,1.2557787e-05,0.20746428,0.29514214,1.5707963267948966,0.0,-2.3132503,4.35631,0.00034269932999498763,0.4,0.0,1.5707963267948966,0.0,4.014257279586958,4.090677566041135,sim_details_e=0_rhill/sim_4773.csv
963,False,orbit crossing,2.8828745865873613e-05,0.079,0.0,1.5707963267948966,0.0,1.5707963267948966,1.101827867291238,1.7437089e-05,0.17053431,0.2279329,1.5707963267948966,0.0,-2.6697383,2.2412143,1.2562097e-05,0.20746353,0.19535133,1.5707963267948966,0.0,-2.6704342,4.612028,0.00034269932999498763,0.4,0.0,1.5707963267948966,0.0,4.014257279586958,4.090677566041135,sim_details_e=0_rhill/sim_963.csv
5833,False,orbit crossing,2.8828745865873613e-05,0.079,0.0,1.5707963267948966,0.0,1.5707963267948966,1.101827867291238,1.876803e-05,0.17053418,0.24366225,1.5707963267948966,0.0,-2.3914382,1.9306521,1.2972107e-05,0.20746484,0.20849,1.5707963267948966,0.0,-2.3910165,4.3013735,0.00034269932999498763,0.4,0.0,1.5707963267948966,0.0,4.014257279586958,4.090677566041135,sim_details_e=0_rhill/sim_5833.csv
2893,False,orbit crossing,2.8828745865873613e-05,0.079,0.0,1.5707963267948966,0.0,1.5707963267948966,1.101827867291238,1.7405944e-05,0.17053357,0.2640383,1.5707963267948966,0.0,-2.206934,1.7124119,1.204874e-05,0.2074673,0.22636172,1.5707963267948966,0.0,-2.20565,4.0859275,0.00034269932999498763,0.4,0.0,1.5707963267948966,0.0,4.014257279586958,4.090677566041135,sim_details_e=0_rhill/sim_2893.csv
1581,True,stable,2.8828745865873613e-05,0.079,0.0,1.5707963267948966,0.0,1.5707963267948966,1.101827867291238,1.1355673e-05,0.17053488,0.060301572,1.5707963267948966,0.0,1.4544387,3.9506023,6.6452844e-06,0.20746161,0.052048367,1.5707963267948966,0.0,1.4867566,0.075639546,0.00034269932999498763,0.4,0.0,1.5707963267948966,0.0,4.014257279586958,4.090677566041135,sim_details_e=0_rhill/sim_1581.csv
5712,False,orbit crossing,2.8828745865873613e-05,0.079,0.0,1.5707963267948966,0.0,1.5707963267948966,1.101827867291238,1.5682786e-05,0.17053488,0.2137568,1.5707963267948966,0.0,-2.9339116,2.4985013,9.726726e-06,0.20746088,0.18434405,1.5707963267948966,0.0,-2.9377978,4.8779564,0.00034269932999498763,0.4,0.0,1.5707963267948966,0.0,4.014257279586958,4.090677566041135,sim_details_e=0_rhill/sim_5712.csv
2261,False,orbit crossing,2.8828745865873613e-05,0.079,0.0,1.5707963267948966,0.0,1.5707963267948966,1.101827867291238,2.2158238e-05,0.17053424,0.18245775,1.5707963267948966,0.0,-2.5288942,1.986279,1.4003876e-05,0.20746456,0.1550258,1.5707963267948966,0.0,-2.5266032,4.3679805,0.00034269932999498763,0.4,0.0,1.5707963267948966,0.0,4.014257279586958,4.090677566041135,sim_details_e=0_rhill/sim_2261.csv
2752,False,orbit crossing,2.8828745865873613e-05,0.079,0.0,1.5707963267948966,0.0,1.5707963267948966,1.101827867291238,1.2283203e-05,0.17053439,0.31896132,1.5707963267948966,0.0,-2.2856815,1.9257808,8.3461455e-06,0.20746353,0.2756304,1.5707963267948966,0.0,-2.2903125,4.2877746,0.00034269932999498763,0.4,0.0,1.5707963267948966,0.0,4.014257279586958,4.090677566041135,sim_details_e=0_rhill/sim_2752.csv
2075,False,orbit crossing,2.8828745865873613e-05,0.079,0.0,1.5707963267948966,0.0,1.5707963267948966,1.101827867291238,1.6322752e-05,0.17053446,0.2536814,1.5707963267948966,0.0,-2.413177,1.978373,9.9158215e-06,0.20746312,0.21799079,1.5707963267948966,0.0,-2.416556,4.3512063,0.00034269932999498763,0.4,0.0,1.5707963267948966,0.0,4.014257279586958,4.090677566041135,sim_details_e=0_rhill/sim_2075.csv
3982,False,orbit crossing,2.8828745865873613e-05,0.079,0.0,1.5707963267948966,0.0,1.5707963267948966,1.101827867291238,1.5161241e-05,0.1705348,0.23094061,1.5707963267948966,0.0,-2.7139137,2.2979894,9.9560075e-06,0.20746191,0.19915113,1.5707963267948966,0.0,-2.716832,4.671982,0.00034269932999498763,0.4,0.0,1.5707963267948966,0.0,4.014257279586958,4.090677566041135,sim_details_e=0_rhill/sim_3982.csv
2338,False,orbit crossing,2.8828745865873613e-05,0.079,0.0,1.5707963267948966,0.0,1.5707963267948966,1.101827867291238,2.0670304e-05,0.17053364,0.19718523,1.5707963267948966,0.0,-2.2024739,1.6006074,1.3674191e-05,0.20746782,0.16818647,1.5707963267948966,0.0,-2.1969986,3.9867768,0.00034269932999498763,0.4,0.0,1.5707963267948966,0.0,4.014257279586958,4.090677566041135,sim_details_e=0_rhill/sim_2338.csv
1321,False,orbit crossing,2.8828745865873613e-05,0.079,0.0,1.5707963267948966,0.0,1.5707963267948966,1.101827867291238,1.4353391e-05,0.17053355,0.25001428,1.5707963267948966,0.0,-2.0519965,1.4630785,8.25108e-06,0.20746763,0.2150792,1.5707963267948966,0.0,-2.0550616,3.8586285,0.00034269932999498763,0.4,0.0,1.5707963267948966,0.0,4.014257279586958,4.090677566041135,sim_details_e=0_rhill/sim_1321.csv
2148,False,orbit crossing,2.8828745865873613e-05,0.079,0.0,1.5707963267948966,0.0,1.5707963267948966,1.101827867291238,1.7824874e-05,0.17053461,0.1659521,1.5707963267948966,0.0,-2.60898,2.0476794,1.2026537e-05,0.20746382,0.141809,1.5707963267948966,0.0,-2.6108263,4.439402,0.00034269932999498763,0.4,0.0,1.5707963267948966,0.0,4.014257279586958,4.090677566041135,sim_details_e=0_rhill/sim_2148.csv
1427,False,orbit crossing,2.8828745865873613e-05,0.079,0.0,1.5707963267948966,0.0,1.5707963267948966,1.101827867291238,1.88319e-05,0.1705341,0.24718042,1.5707963267948966,0.0,-2.3692684,1.9080348,1.1805111e-05,0.20746477,0.2116473,1.5707963267948966,0.0,-2.3692532,4.2792163,0.00034269932999498763,0.4,0.0,1.5707963267948966,0.0,4.014257279586958,4.090677566041135,sim_details_e=0_rhill/sim_1427.csv
2646,False,orbit crossing,2.8828745865873613e-05,0.079,0.0,1.5707963267948966,0.0,1.5707963267948966,1.101827867291238,1.7138684e-05,0.17053373,0.31302807,1.5707963267948966,0.0,-2.2404501,1.8467412,9.449999e-06,0.20746495,0.26931888,1.5707963267948966,0.0,-2.2415187,4.2071333,0.00034269932999498763,0.4,0.0,1.5707963267948966,0.0,4.014257279586958,4.090677566041135,sim_details_e=0_rhill/sim_2646.csv
4282,False,orbit crossing,2.8828745865873613e-05,0.079,0.0,1.5707963267948966,0.0,1.5707963267948966,1.101827867291238,1.7060205e-05,0.17053431,0.26946723,1.5707963267948966,0.0,-2.5111942,2.135776,1.1179069e-05,0.2074632,0.2314713,1.5707963267948966,0.0,-2.5126283,4.497341,0.00034269932999498763,0.4,0.0,1.5707963267948966,0.0,4.014257279586958,4.090677566041135,sim_details_e=0_rhill/sim_4282.csv
3286,False,orbit crossing,2.8828745865873613e-05,0.079,0.0,1.5707963267948966,0.0,1.5707963267948966,1.101827867291238,1.7849094e-05,0.17053473,0.17059329,1.5707963267948966,0.0,-2.3860981,1.7927299,1.2004508e-05,0.20746423,0.145597,1.5707963267948966,0.0,-2.3880005,4.1877155,0.00034269932999498763,0.4,0.0,1.5707963267948966,0.0,4.014257279586958,4.090677566041135,sim_details_e=0_rhill/sim_3286.csv
491,False,orbit crossing,2.8828745865873613e-05,0.079,0.0,1.5707963267948966,0.0,1.5707963267948966,1.101827867291238,1.9502555e-05,0.1705339,0.2666401,1.5707963267948966,0.0,-2.492159,2.105348,1.2703381e-05,0.2074641,0.22838706,1.5707963267948966,0.0,-2.4914699,4.4651127,0.00034269932999498763,0.4,0.0,1.5707963267948966,0.0,4.014257279586958,4.090677566041135,sim_details_e=0_rhill/sim_491.csv
1626,False,orbit crossing,2.8828745865873613e-05,0.079,0.0,1.5707963267948966,0.0,1.5707963267948966,1.101827867291238,1.37542975e-05,0.17053437,0.28354508,1.5707963267948966,0.0,-2.4484463,2.0830398,7.8830035e-06,0.2074624,0.24505387,1.5707963267948966,0.0,-2.4524345,4.448248,0.00034269932999498763,0.4,0.0,1.5707963267948966,0.0,4.014257279586958,4.090677566041135,sim_details_e=0_rhill/sim_1626.csv
1509,False,encounter,2.8828745865873613e-05,0.079,0.0,1.5707963267948966,0.0,1.5707963267948966,1.101827867291238,1.4495374e-05,0.17053401,0.3627905,1.5707963267948966,0.0,-2.255675,1.9645038,9.264989e-06,0.20746352,0.31327072,1.5707963267948966,0.0,-2.2582307,4.3099146,0.00034269932999498763,0.4,0.0,1.5707963267948966,0.0,4.014257279586958,4.090677566041135,sim_details_e=0_rhill/sim_1509.csv
1725,False,orbit crossing,2.8828745865873613e-05,0.079,0.0,1.5707963267948966,0.0,1.5707963267948966,1.101827867291238,1.603252e-05,0.17053439,0.22275014,1.5707963267948966,0.0,-2.4197376,1.9280868,9.603911e-06,0.2074638,0.19149525,1.5707963267948966,0.0,-2.4225008,4.3101254,0.00034269932999498763,0.4,0.0,1.5707963267948966,0.0,4.014257279586958,4.090677566041135,sim_details_e=0_rhill/sim_1725.csv
5191,False,orbit crossing,2.8828745865873613e-05,0.079,0.0,1.5707963267948966,0.0,1.5707963267948966,1.101827867291238,1.6693235e-05,0.17053379,0.3053666,1.5707963267948966,0.0,-2.396961,2.0573993,1.0239175e-05,0.20746386,0.26283538,1.5707963267948966,0.0,-2.3976471,4.411062,0.00034269932999498763,0.4,0.0,1.5707963267948966,0.0,4.014257279586958,4.090677566041135,sim_details_e=0_rhill/sim_5191.csv
1851,False,orbit crossing,2.8828745865873613e-05,0.079,0.0,1.5707963267948966,0.0,1.5707963267948966,1.101827867291238,1.6059945e-05,0.17053436,0.24848247,1.5707963267948966,0.0,-2.581252,2.1788716,1.1278039e-05,0.20746332,0.21371654,1.5707963267948966,0.0,-2.5824642,4.546696,0.00034269932999498763,0.4,0.0,1.5707963267948966,0.0,4.014257279586958,4.090677566041135,sim_details_e=0_rhill/sim_1851.csv
3507,False,orbit crossing,2.8828745865873613e-05,0.079,0.0,1.5707963267948966,0.0,1.5707963267948966,1.101827867291238,1.3131829e-05,0.1705345,0.20174746,1.5707963267948966,0.0,-2.4065027,1.8728776,8.457945e-06,0.20746371,0.17411543,1.5707963267948966,0.0,-2.4122984,4.2664495,0.00034269932999498763,0.4,0.0,1.5707963267948966,0.0,4.014257279586958,4.090677566041135,sim_details_e=0_rhill/sim_3507.csv
1604,False,orbit crossing,2.8828745865873613e-05,0.079,0.0,1.5707963267948966,0.0,1.5707963267948966,1.101827867291238,2.0348187e-05,0.17053431,0.20369379,1.5707963267948966,0.0,-2.4316022,1.9076438,1.3798731e-05,0.20746496,0.17362623,1.5707963267948966,0.0,-2.4299133,4.28703,0.00034269932999498763,0.4,0.0,1.5707963267948966,0.0,4.014257279586958,4.090677566041135,sim_details_e=0_rhill/sim_1604.csv
530,False,orbit crossing,2.8828745865873613e-05,0.079,0.0,1.5707963267948966,0.0,1.5707963267948966,1.101827867291238,1.4227574e-05,0.17053513,0.12734239,1.5707963267948966,0.0,2.9476845,2.715448,9.082384e-06,0.20746122,0.11029725,1.5707963267948966,0.0,2.943277,5.1230836,0.00034269932999498763,0.4,0.0,1.5707963267948966,0.0,4.014257279586958,4.090677566041135,sim_details_e=0_rhill/sim_530.csv
3110,False,orbit crossing,2.8828745865873613e-05,0.079,0.0,1.5707963267948966,0.0,1.5707963267948966,1.101827867291238,1.984154e-05,0.17053393,0.25558954,1.5707963267948966,0.0,-2.3354037,1.8777242,1.2333457e-05,0.2074652,0.21857403,1.5707963267948966,0.0,-2.3347623,4.246724,0.00034269932999498763,0.4,0.0,1.5707963267948966,0.0,4.014257279586958,4.090677566041135,sim_details_e=0_rhill/sim_3110.csv
757,False,orbit crossing,2.8828745865873613e-05,0.079,0.0,1.5707963267948966,0.0,1.5707963267948966,1.101827867291238,1.7054146e-05,0.17053342,0.18310143,1.5707963267948966,0.0,-1.7487352,0.9589176,9.9448525e-06,0.20746969,0.15647191,1.5707963267948966,0.0,-1.7458173,3.3781424,0.00034269932999498763,0.4,0.0,1.5707963267948966,0.0,4.014257279586958,4.090677566041135,sim_details_e=0_rhill/sim_757.csv
2300,False,orbit crossing,2.8828745865873613e-05,0.079,0.0,1.5707963267948966,0.0,1.5707963267948966,1.101827867291238,1.440726e-05,0.1705345,0.2080459,1.5707963267948966,0.0,-2.4135985,1.8934884,8.745442e-06,0.2074635,0.1794259,1.5707963267948966,0.0,-2.4177039,4.2824955,0.00034269932999498763,0.4,0.0,1.5707963267948966,0.0,4.014257279586958,4.090677566041135,sim_details_e=0_rhill/sim_2300.csv
5072,False,orbit crossing,2.8828745865873613e-05,0.079,0.0,1.5707963267948966,0.0,1.5707963267948966,1.101827867291238,1.3376942e-05,0.17053421,0.20033555,1.5707963267948966,0.0,-2.3392572,1.7853074,8.077109e-06,0.20746462,0.17268367,1.5707963267948966,0.0,-2.3443184,4.1801434,0.00034269932999498763,0.4,0.0,1.5707963267948966,0.0,4.014257279586958,4.090677566041135,sim_details_e=0_rhill/sim_5072.csv
2560,False,orbit crossing,2.8828745865873613e-05,0.079,0.0,1.5707963267948966,0.0,1.5707963267948966,1.101827867291238,2.128896e-05,0.17053361,0.25103328,1.5707963267948966,0.0,-2.3968387,1.9512763,1.4061755e-05,0.20746563,0.21432608,1.5707963267948966,0.0,-2.3941238,4.3159084,0.00034269932999498763,0.4,0.0,1.5707963267948966,0.0,4.014257279586958,4.090677566041135,sim_details_e=0_rhill/sim_2560.csv
3817,False,orbit crossing,2.8828745865873613e-05,0.079,0.0,1.5707963267948966,0.0,1.5707963267948966,1.101827867291238,1.765537e-05,0.17053354,0.3195273,1.5707963267948966,0.0,-2.2192824,1.8264661,1.0357382e-05,0.20746553,0.27463177,1.5707963267948966,0.0,-2.219698,4.184676,0.00034269932999498763,0.4,0.0,1.5707963267948966,0.0,4.014257279586958,4.090677566041135,sim_details_e=0_rhill/sim_3817.csv
271,False,orbit crossing,2.8828745865873613e-05,0.079,0.0,1.5707963267948966,0.0,1.5707963267948966,1.101827867291238,1.9022871e-05,0.17053464,0.25395912,1.5707963267948966,0.0,-3.000632,2.6465716,1.267922e-05,0.20746127,0.21802445,1.5707963267948966,0.0,-3.0032012,5.012322,0.00034269932999498763,0.4,0.0,1.5707963267948966,0.0,4.014257279586958,4.090677566041135,sim_details_e=0_rhill/sim_271.csv
3029,True,stable,2.8828745865873613e-05,0.079,0.0,1.5707963267948966,0.0,1.5707963267948966,1.101827867291238,1.6476175e-05,0.1705348,0.0008040991,1.5707963267948966,0.0,-1.6955253,0.8307686,9.133852e-06,0.20746212,0.00016304158,1.5707963267948966,0.0,1.3617574,0.20897797,0.00034269932999498763,0.4,0.0,1.5707963267948966,0.0,4.014257279586958,4.090677566041135,sim_details_e=0_rhill/sim_3029.csv
2394,False,orbit crossing,2.8828745865873613e-05,0.079,0.0,1.5707963267948966,0.0,1.5707963267948966,1.101827867291238,2.2642676e-05,0.17053376,0.20231694,1.5707963267948966,0.0,-2.4087393,1.8760705,1.547185e-05,0.20746657,0.17196304,1.5707963267948966,0.0,-2.4032404,4.251582,0.00034269932999498763,0.4,0.0,1.5707963267948966,0.0,4.014257279586958,4.090677566041135,sim_details_e=0_rhill/sim_2394.csv
5574,False,encounter,2.8828745865873613e-05,0.079,0.0,1.5707963267948966,0.0,1.5707963267948966,1.101827867291238,1.4192322e-05,0.17053412,0.35630518,1.5707963267948966,0.0,-2.1913774,1.8497996,9.381408e-06,0.20746428,0.30754912,1.5707963267948966,0.0,-2.1942666,4.2030334,0.00034269932999498763,0.4,0.0,1.5707963267948966,0.0,4.014257279586958,4.090677566041135,sim_details_e=0_rhill/sim_5574.csv
2724,False,encounter,2.8828745865873613e-05,0.079,0.0,1.5707963267948966,0.0,1.5707963267948966,1.101827867291238,1.686049e-05,0.17053354,0.37669414,1.5707963267948966,0.0,-2.2196362,1.9339194,1.1413039e-05,0.20746483,0.32455844,1.5707963267948966,0.0,-2.2200675,4.2727346,0.00034269932999498763,0.4,0.0,1.5707963267948966,0.0,4.014257279586958,4.090677566041135,sim_details_e=0_rhill/sim_2724.csv
4713,False,orbit crossing,2.8828745865873613e-05,0.079,0.0,1.5707963267948966,0.0,1.5707963267948966,1.101827867291238,1.8972922e-05,0.17053391,0.22573934,1.5707963267948966,0.0,-2.3271837,1.813479,1.2633791e-05,0.20746592,0.19295721,1.5707963267948966,0.0,-2.3257203,4.190884,0.00034269932999498763,0.4,0.0,1.5707963267948966,0.0,4.014257279586958,4.090677566041135,sim_details_e=0_rhill/sim_4713.csv
4865,False,orbit crossing,2.8828745865873613e-05,0.079,0.0,1.5707963267948966,0.0,1.5707963267948966,1.101827867291238,1.938794e-05,0.17053439,0.1707246,1.5707963267948966,0.0,-2.5505302,1.9891934,1.1537837e-05,0.20746402,0.1457681,1.5707963267948966,0.0,-2.5508924,4.378777,0.00034269932999498763,0.4,0.0,1.5707963267948966,0.0,4.014257279586958,4.090677566041135,sim_details_e=0_rhill/sim_4865.csv
4157,False,orbit crossing,2.8828745865873613e-05,0.079,0.0,1.5707963267948966,0.0,1.5707963267948966,1.101827867291238,1.6954455e-05,0.1705348,0.14810486,1.5707963267948966,0.0,-2.805456,2.2294497,1.0834504e-05,0.20746252,0.12698299,1.5707963267948966,0.0,-2.809614,4.6275616,0.00034269932999498763,0.4,0.0,1.5707963267948966,0.0,4.014257279586958,4.090677566041135,sim_details_e=0_rhill/sim_4157.csv
9,False,encounter,2.8828745865873613e-05,0.079,0.0,1.5707963267948966,0.0,1.5707963267948966,1.101827867291238,1.4025009e-05,0.17053406,0.3502975,1.5707963267948966,0.0,-2.1982372,1.849751,8.916837e-06,0.20746394,0.3025222,1.5707963267948966,0.0,-2.2013302,4.2051044,0.00034269932999498763,0.4,0.0,1.5707963267948966,0.0,4.014257279586958,4.090677566041135,sim_details_e=0_rhill/sim_9.csv
4469,False,orbit crossing,2.8828745865873613e-05,0.079,0.0,1.5707963267948966,0.0,1.5707963267948966,1.101827867291238,2.048123e-05,0.17053372,0.20771658,1.5707963267948966,0.0,-2.216741,1.6357841,1.3237047e-05,0.20746729,0.17727661,1.5707963267948966,0.0,-2.2124557,4.020031,0.00034269932999498763,0.4,0.0,1.5707963267948966,0.0,4.014257279586958,4.090677566041135,sim_details_e=0_rhill/sim_4469.csv
1876,False,orbit crossing,2.8828745865873613e-05,0.079,0.0,1.5707963267948966,0.0,1.5707963267948966,1.101827867291238,1.5190345e-05,0.1705346,0.15230483,1.5707963267948966,0.0,-2.4667802,1.8575215,9.110064e-06,0.2074634,0.13084175,1.5707963267948966,0.0,-2.4728727,4.2618194,0.00034269932999498763,0.4,0.0,1.5707963267948966,0.0,4.014257279586958,4.090677566041135,sim_details_e=0_rhill/sim_1876.csv
55,False,orbit crossing,2.8828745865873613e-05,0.079,0.0,1.5707963267948966,0.0,1.5707963267948966,1.101827867291238,2.4870063e-05,0.17053267,0.2743692,1.5707963267948966,0.0,-2.2201805,1.7483277,1.6010079e-05,0.20746963,0.23397614,1.5707963267948966,0.0,-2.212972,4.108137,0.00034269932999498763,0.4,0.0,1.5707963267948966,0.0,4.014257279586958,4.090677566041135,sim_details_e=0_rhill/sim_55.csv
3348,False,orbit crossing,2.8828745865873613e-05,0.079,0.0,1.5707963267948966,0.0,1.5707963267948966,1.101827867291238,1.9144882e-05,0.17053434,0.23832357,1.5707963267948966,0.0,-2.4961724,2.054461,1.2627411e-05,0.20746395,0.2037284,1.5707963267948966,0.0,-2.4971423,4.4246182,0.00034269932999498763,0.4,0.0,1.5707963267948966,0.0,4.014257279586958,4.090677566041135,sim_details_e=0_rhill/sim_3348.csv
5052,False,orbit crossing,2.8828745865873613e-05,0.079,0.0,1.5707963267948966,0.0,1.5707963267948966,1.101827867291238,1.6048949e-05,0.1705343,0.2535223,1.5707963267948966,0.0,-2.3775303,1.9308581,1.0417656e-05,0.20746404,0.21781191,1.5707963267948966,0.0,-2.3798447,4.3039384,0.00034269932999498763,0.4,0.0,1.5707963267948966,0.0,4.014257279586958,4.090677566041135,sim_details_e=0_rhill/sim_5052.csv
1723,False,orbit crossing,2.8828745865873613e-05,0.079,0.0,1.5707963267948966,0.0,1.5707963267948966,1.101827867291238,1.7515864e-05,0.17053367,0.3191308,1.5707963267948966,0.0,-2.29165,1.9346337,1.1544231e-05,0.2074649,0.2741539,1.5707963267948966,0.0,-2.2919135,4.2873726,0.00034269932999498763,0.4,0.0,1.5707963267948966,0.0,4.014257279586958,4.090677566041135,sim_details_e=0_rhill/sim_1723.csv
2898,False,orbit crossing,2.8828745865873613e-05,0.079,0.0,1.5707963267948966,0.0,1.5707963267948966,1.101827867291238,1.8943609e-05,0.17053507,0.12747923,1.5707963267948966,0.0,-3.0716786,2.4620423,1.1857141e-05,0.20746168,0.10878016,1.5707963267948966,0.0,-3.0792625,4.867868,0.00034269932999498763,0.4,0.0,1.5707963267948966,0.0,4.014257279586958,4.090677566041135,sim_details_e=0_rhill/sim_2898.csv
2981,False,orbit crossing,2.8828745865873613e-05,0.079,0.0,1.5707963267948966,0.0,1.5707963267948966,1.101827867291238,1.5259224e-05,0.17053445,0.20327191,1.5707963267948966,0.0,-2.604793,2.1161761,1.0337942e-05,0.20746367,0.1748916,1.5707963267948966,0.0,-2.6067865,4.498666,0.00034269932999498763,0.4,0.0,1.5707963267948966,0.0,4.014257279586958,4.090677566041135,sim_details_e=0_rhill/sim_2981.csv
2079,False,orbit crossing,2.8828745865873613e-05,0.079,0.0,1.5707963267948966,0.0,1.5707963267948966,1.101827867291238,1.7094128e-05,0.17053494,0.1222062,1.5707963267948966,0.0,-2.445508,1.7795396,1.1061277e-05,0.20746379,0.10430559,1.5707963267948966,0.0,-2.4496577,4.189289,0.00034269932999498763,0.4,0.0,1.5707963267948966,0.0,4.014257279586958,4.090677566041135,sim_details_e=0_rhill/sim_2079.csv
4100,False,orbit crossing,2.8828745865873613e-05,0.079,0.0,1.5707963267948966,0.0,1.5707963267948966,1.101827867291238,1.758321e-05,0.17053397,0.23823363,1.5707963267948966,0.0,-2.3662763,1.8875146,1.2491713e-05,0.2074655,0.20395403,1.5707963267948966,0.0,-2.3660233,4.2614145,0.00034269932999498763,0.4,0.0,1.5707963267948966,0.0,4.014257279586958,4.090677566041135,sim_details_e=0_rhill/sim_4100.csv
5657,True,stable,2.8828745865873613e-05,0.079,0.0,1.5707963267948966,0.0,1.5707963267948966,1.101827867291238,1.4106121e-05,0.17053497,0.012591567,1.5707963267948966,0.0,-2.6610947,1.818502,8.2617935e-06,0.20746234,0.011104076,1.5707963267948966,0.0,-2.7483556,4.3397307,0.00034269932999498763,0.4,0.0,1.5707963267948966,0.0,4.014257279586958,4.090677566041135,sim_details_e=0_rhill/sim_5657.csv
2735,False,orbit crossing,2.8828745865873613e-05,0.079,0.0,1.5707963267948966,0.0,1.5707963267948966,1.101827867291238,1.37563775e-05,0.17053403,0.1229312,1.5707963267948966,0.0,-2.2317991,1.5292773,7.1284676e-06,0.2074649,0.10603668,1.5707963267948966,0.0,-2.2394042,3.950262,0.00034269932999498763,0.4,0.0,1.5707963267948966,0.0,4.014257279586958,4.090677566041135,sim_details_e=0_rhill/sim_2735.csv
519,False,orbit crossing,2.8828745865873613e-05,0.079,0.0,1.5707963267948966,0.0,1.5707963267948966,1.101827867291238,1.4490395e-05,0.17053448,0.17514864,1.5707963267948966,0.0,-2.5757608,2.0273747,8.516125e-06,0.20746312,0.15090916,1.5707963267948966,0.0,-2.5815556,4.423545,0.00034269932999498763,0.4,0.0,1.5707963267948966,0.0,4.014257279586958,4.090677566041135,sim_details_e=0_rhill/sim_519.csv
5390,False,orbit crossing,2.8828745865873613e-05,0.079,0.0,1.5707963267948966,0.0,1.5707963267948966,1.101827867291238,1.3817202e-05,0.17053443,0.2762637,1.5707963267948966,0.0,-2.641253,2.308189,9.085059e-06,0.20746249,0.23869163,1.5707963267948966,0.0,-2.643791,4.669342,0.00034269932999498763,0.4,0.0,1.5707963267948966,0.0,4.014257279586958,4.090677566041135,sim_details_e=0_rhill/sim_5390.csv
3572,True,stable,2.8828745865873613e-05,0.079,0.0,1.5707963267948966,0.0,1.5707963267948966,1.101827867291238,1.1271626e-05,0.17053477,0.00554132,1.5707963267948966,0.0,-1.044355,0.17388391,6.9582884e-06,0.20746283,0.0039903047,1.5707963267948966,0.0,-1.3968877,2.966296,0.00034269932999498763,0.4,0.0,1.5707963267948966,0.0,4.014257279586958,4.090677566041135,sim_details_e=0_rhill/sim_3572.csv
5357,False,orbit crossing,2.8828745865873613e-05,0.079,0.0,1.5707963267948966,0.0,1.5707963267948966,1.101827867291238,1.2746372e-05,0.1705343,0.2998239,1.5707963267948966,0.0,-2.3052847,1.9179235,7.417478e-06,0.20746323,0.25923428,1.5707963267948966,0.0,-2.310254,4.2860236,0.00034269932999498763,0.4,0.0,1.5707963267948966,0.0,4.014257279586958,4.090677566041135,sim_details_e=0_rhill/sim_5357.csv
1556,False,orbit crossing,2.8828745865873613e-05,0.079,0.0,1.5707963267948966,0.0,1.5707963267948966,1.101827867291238,1.6151964e-05,0.17053412,0.22833912,1.5707963267948966,0.0,-2.3149083,1.8016295,1.0394935e-05,0.2074653,0.19599992,1.5707963267948966,0.0,-2.3163188,4.183963,0.00034269932999498763,0.4,0.0,1.5707963267948966,0.0,4.014257279586958,4.090677566041135,sim_details_e=0_rhill/sim_1556.csv
3723,False,orbit crossing,2.8828745865873613e-05,0.079,0.0,1.5707963267948966,0.0,1.5707963267948966,1.101827867291238,1.5682128e-05,0.17053437,0.23922305,1.5707963267948966,0.0,-2.4036596,1.9382863,9.329644e-06,0.20746358,0.2058236,1.5707963267948966,0.0,-2.4069238,4.316693,0.00034269932999498763,0.4,0.0,1.5707963267948966,0.0,4.014257279586958,4.090677566041135,sim_details_e=0_rhill/sim_3723.csv
592,False,orbit crossing,2.8828745865873613e-05,0.079,0.0,1.5707963267948966,0.0,1.5707963267948966,1.101827867291238,1.6378135e-05,0.17053477,0.22559305,1.5707963267948966,0.0,-2.614999,2.1732316,1.0484081e-05,0.20746243,0.19402651,1.5707963267948966,0.0,-2.6176095,4.5488057,0.00034269932999498763,0.4,0.0,1.5707963267948966,0.0,4.014257279586958,4.090677566041135,sim_details_e=0_rhill/sim_592.csv
2467,False,orbit crossing,2.8828745865873613e-05,0.079,0.0,1.5707963267948966,0.0,1.5707963267948966,1.101827867291238,1.9486903e-05,0.1705335,0.25909463,1.5707963267948966,0.0,-2.1462412,1.6161833,1.198276e-05,0.20746835,0.22174907,1.5707963267948966,0.0,-2.1437914,3.9928815,0.00034269932999498763,0.4,0.0,1.5707963267948966,0.0,4.014257279586958,4.090677566041135,sim_details_e=0_rhill/sim_2467.csv
2723,False,encounter,2.8828745865873613e-05,0.079,0.0,1.5707963267948966,0.0,1.5707963267948966,1.101827867291238,1.3621176e-05,0.17053442,0.36403948,1.5707963267948966,0.0,-2.2482705,1.9554315,9.655469e-06,0.20746319,0.3144978,1.5707963267948966,0.0,-2.2516532,4.3023453,0.00034269932999498763,0.4,0.0,1.5707963267948966,0.0,4.014257279586958,4.090677566041135,sim_details_e=0_rhill/sim_2723.csv
5813,False,orbit crossing,2.8828745865873613e-05,0.079,0.0,1.5707963267948966,0.0,1.5707963267948966,1.101827867291238,1.5750617e-05,0.17053445,0.20446792,1.5707963267948966,0.0,-2.5223138,2.0203452,1.0411694e-05,0.20746411,0.17574234,1.5707963267948966,0.0,-2.5241446,4.403914,0.00034269932999498763,0.4,0.0,1.5707963267948966,0.0,4.014257279586958,4.090677566041135,sim_details_e=0_rhill/sim_5813.csv
5898,False,orbit crossing,2.8828745865873613e-05,0.079,0.0,1.5707963267948966,0.0,1.5707963267948966,1.101827867291238,1.2520304e-05,0.17053428,0.2557094,1.5707963267948966,0.0,-2.3493772,1.8972878,6.881394e-06,0.20746316,0.22121677,1.5707963267948966,0.0,-2.3553576,4.2783265,0.00034269932999498763,0.4,0.0,1.5707963267948966,0.0,4.014257279586958,4.090677566041135,sim_details_e=0_rhill/sim_5898.csv
5089,False,orbit crossing,2.8828745865873613e-05,0.079,0.0,1.5707963267948966,0.0,1.5707963267948966,1.101827867291238,1.6094415e-05,0.1705342,0.29024324,1.5707963267948966,0.0,-2.3867497,2.0134664,9.179526e-06,0.20746301,0.24999735,1.5707963267948966,0.0,-2.3895717,4.376009,0.00034269932999498763,0.4,0.0,1.5707963267948966,0.0,4.014257279586958,4.090677566041135,sim_details_e=0_rhill/sim_5089.csv
3056,True,stable,2.8828745865873613e-05,0.079,0.0,1.5707963267948966,0.0,1.5707963267948966,1.101827867291238,1.9465955e-05,0.17053556,0.10330001,1.5707963267948966,0.0,2.9293497,2.6868873,1.3018218e-05,0.20746107,0.08805456,1.5707963267948966,0.0,2.9199064,5.103209,0.00034269932999498763,0.4,0.0,1.5707963267948966,0.0,4.014257279586958,4.090677566041135,sim_details_e=0_rhill/sim_3056.csv
84,False,orbit crossing,2.8828745865873613e-05,0.079,0.0,1.5707963267948966,0.0,1.5707963267948966,1.101827867291238,1.9637233e-05,0.1705346,0.10867929,1.5707963267948966,0.0,-2.5787961,1.9052892,1.235338e-05,0.2074641,0.0920153,1.5707963267948966,0.0,-2.5793133,4.3115563,0.00034269932999498763,0.4,0.0,1.5707963267948966,0.0,4.014257279586958,4.090677566041135,sim_details_e=0_rhill/sim_84.csv
3847,False,orbit crossing,2.8828745865873613e-05,0.079,0.0,1.5707963267948966,0.0,1.5707963267948966,1.101827867291238,1.787717e-05,0.17053443,0.19784889,1.5707963267948966,0.0,-2.4675121,1.9413419,1.1347026e-05,0.20746402,0.16933021,1.5707963267948966,0.0,-2.4690337,4.3264384,0.00034269932999498763,0.4,0.0,1.5707963267948966,0.0,4.014257279586958,4.090677566041135,sim_details_e=0_rhill/sim_3847.csv
1106,False,orbit crossing,2.8828745865873613e-05,0.079,0.0,1.5707963267948966,0.0,1.5707963267948966,1.101827867291238,1.7789424e-05,0.170534,0.2905363,1.5707963267948966,0.0,-2.4363096,2.080974,1.2762833e-05,0.20746431,0.2492684,1.5707963267948966,0.0,-2.4362612,4.435607,0.00034269932999498763,0.4,0.0,1.5707963267948966,0.0,4.014257279586958,4.090677566041135,sim_details_e=0_rhill/sim_1106.csv
2351,False,orbit crossing,2.8828745865873613e-05,0.079,0.0,1.5707963267948966,0.0,1.5707963267948966,1.101827867291238,1.255118e-05,0.1705345,0.117315225,1.5707963267948966,0.0,-2.7069132,2.0624738,7.076059e-06,0.20746286,0.102040686,1.5707963267948966,0.0,-2.714813,4.4771523,0.00034269932999498763,0.4,0.0,1.5707963267948966,0.0,4.014257279586958,4.090677566041135,sim_details_e=0_rhill/sim_2351.csv
657,False,orbit crossing,2.8828745865873613e-05,0.079,0.0,1.5707963267948966,0.0,1.5707963267948966,1.101827867291238,1.4553948e-05,0.17053446,0.25977924,1.5707963267948966,0.0,-2.4673877,2.0604634,9.306872e-06,0.20746312,0.22385924,1.5707963267948966,0.0,-2.4709249,4.4307847,0.00034269932999498763,0.4,0.0,1.5707963267948966,0.0,4.014257279586958,4.090677566041135,sim_details_e=0_rhill/sim_657.csv
5692,False,orbit crossing,2.8828745865873613e-05,0.079,0.0,1.5707963267948966,0.0,1.5707963267948966,1.101827867291238,1.4341288e-05,0.17053452,0.2395242,1.5707963267948966,0.0,-2.646342,2.238194,8.605531e-06,0.20746213,0.20698144,1.5707963267948966,0.0,-2.6490304,4.610975,0.00034269932999498763,0.4,0.0,1.5707963267948966,0.0,4.014257279586958,4.090677566041135,sim_details_e=0_rhill/sim_5692.csv
5732,False,orbit crossing,2.8828745865873613e-05,0.079,0.0,1.5707963267948966,0.0,1.5707963267948966,1.101827867291238,1.8260416e-05,0.17053391,0.24403174,1.5707963267948966,0.0,-2.2178042,1.6952395,1.1281069e-05,0.20746648,0.20889768,1.5707963267948966,0.0,-2.217701,4.075052,0.00034269932999498763,0.4,0.0,1.5707963267948966,0.0,4.014257279586958,4.090677566041135,sim_details_e=0_rhill/sim_5732.csv
4383,False,orbit crossing,2.8828745865873613e-05,0.079,0.0,1.5707963267948966,0.0,1.5707963267948966,1.101827867291238,1.2219189e-05,0.17053424,0.24841166,1.5707963267948966,0.0,-2.2803378,1.7898393,8.1109665e-06,0.20746459,0.21469378,1.5707963267948966,0.0,-2.2851343,4.1746244,0.00034269932999498763,0.4,0.0,1.5707963267948966,0.0,4.014257279586958,4.090677566041135,sim_details_e=0_rhill/sim_4383.csv
287,False,orbit crossing,2.8828745865873613e-05,0.079,0.0,1.5707963267948966,0.0,1.5707963267948966,1.101827867291238,1.574818e-05,0.17053464,0.27304608,1.5707963267948966,0.0,3.0439038,2.9002233,1.0494864e-05,0.20746122,0.23578112,1.5707963267948966,0.0,3.041914,5.2689233,0.00034269932999498763,0.4,0.0,1.5707963267948966,0.0,4.014257279586958,4.090677566041135,sim_details_e=0_rhill/sim_287.csv
468,True,stable,2.8828745865873613e-05,0.079,0.0,1.5707963267948966,0.0,1.5707963267948966,1.101827867291238,1.3989985e-05,0.17053477,0.002495529,1.5707963267948966,0.0,-2.9361725,2.07622,7.736428e-06,0.2074623,0.0028037825,1.5707963267948966,0.0,3.0028434,4.856687,0.00034269932999498763,0.4,0.0,1.5707963267948966,0.0,4.014257279586958,4.090677566041135,sim_details_e=0_rhill/sim_468.csv
5144,False,orbit crossing,2.8828745865873613e-05,0.079,0.0,1.5707963267948966,0.0,1.5707963267948966,1.101827867291238,1.6964643e-05,0.17053442,0.22928457,1.5707963267948966,0.0,-2.4534202,1.983233,1.1067461e-05,0.2074639,0.19667709,1.5707963267948966,0.0,-2.4553344,4.3601613,0.00034269932999498763,0.4,0.0,1.5707963267948966,0.0,4.014257279586958,4.090677566041135,sim_details_e=0_rhill/sim_5144.csv
5703,False,orbit crossing,2.8828745865873613e-05,0.079,0.0,1.5707963267948966,0.0,1.5707963267948966,1.101827867291238,1.8929202e-05,0.17053385,0.28622335,1.5707963267948966,0.0,-2.2037523,1.7452121,1.265701e-05,0.20746647,0.24518605,1.5707963267948966,0.0,-2.2027519,4.1117306,0.00034269932999498763,0.4,0.0,1.5707963267948966,0.0,4.014257279586958,4.090677566041135,sim_details_e=0_rhill/sim_5703.csv
1467,False,encounter,2.8828745865873613e-05,0.079,0.0,1.5707963267948966,0.0,1.5707963267948966,1.101827867291238,1.4923111e-05,0.17053376,0.36259916,1.5707963267948966,0.0,-2.1637578,1.8158507,8.815973e-06,0.20746478,0.31290704,1.5707963267948966,0.0,-2.166176,4.1687794,0.00034269932999498763,0.4,0.0,1.5707963267948966,0.0,4.014257279586958,4.090677566041135,sim_details_e=0_rhill/sim_1467.csv
3624,False,orbit crossing,2.8828745865873613e-05,0.079,0.0,1.5707963267948966,0.0,1.5707963267948966,1.101827867291238,1.54633e-05,0.1705349,0.15963797,1.5707963267948966,0.0,-2.8947065,2.3469577,1.0203005e-05,0.20746237,0.1373699,1.5707963267948966,0.0,-2.899549,4.7429857,0.00034269932999498763,0.4,0.0,1.5707963267948966,0.0,4.014257279586958,4.090677566041135,sim_details_e=0_rhill/sim_3624.csv
5207,False,orbit crossing,2.8828745865873613e-05,0.079,0.0,1.5707963267948966,0.0,1.5707963267948966,1.101827867291238,2.0125184e-05,0.17053355,0.18378095,1.5707963267948966,0.0,-2.1124089,1.4614949,1.2077237e-05,0.2074682,0.15653193,1.5707963267948966,0.0,-2.1077824,3.8563132,0.00034269932999498763,0.4,0.0,1.5707963267948966,0.0,4.014257279586958,4.090677566041135,sim_details_e=0_rhill/sim_5207.csv
544,False,orbit crossing,2.8828745865873613e-05,0.079,0.0,1.5707963267948966,0.0,1.5707963267948966,1.101827867291238,1.5510203e-05,0.17053466,0.20921622,1.5707963267948966,0.0,-2.4987183,2.001142,9.476086e-06,0.20746297,0.18005183,1.5707963267948966,0.0,-2.5025122,4.386311,0.00034269932999498763,0.4,0.0,1.5707963267948966,0.0,4.014257279586958,4.090677566041135,sim_details_e=0_rhill/sim_544.csv
3269,False,orbit crossing,2.8828745865873613e-05,0.079,0.0,1.5707963267948966,0.0,1.5707963267948966,1.101827867291238,1.3457137e-05,0.17053442,0.23482218,1.5707963267948966,0.0,-2.3226504,1.8237748,8.684618e-06,0.20746434,0.20242034,1.5707963267948966,0.0,-2.3272488,4.2089515,0.00034269932999498763,0.4,0.0,1.5707963267948966,0.0,4.014257279586958,4.090677566041135,sim_details_e=0_rhill/sim_3269.csv
5796,False,orbit crossing,2.8828745865873613e-05,0.079,0.0,1.5707963267948966,0.0,1.5707963267948966,1.101827867291238,1.6412878e-05,0.17053439,0.18063839,1.5707963267948966,0.0,-2.3613985,1.7789617,1.0553218e-05,0.20746467,0.15490551,1.5707963267948966,0.0,-2.3634648,4.1738424,0.00034269932999498763,0.4,0.0,1.5707963267948966,0.0,4.014257279586958,4.090677566041135,sim_details_e=0_rhill/sim_5796.csv
5197,False,orbit crossing,2.8828745865873613e-05,0.079,0.0,1.5707963267948966,0.0,1.5707963267948966,1.101827867291238,1.3273076e-05,0.1705347,0.20997694,1.5707963267948966,0.0,-2.6031222,2.1277776,8.253345e-06,0.20746237,0.18176493,1.5707963267948966,0.0,-2.6072757,4.512668,0.00034269932999498763,0.4,0.0,1.5707963267948966,0.0,4.014257279586958,4.090677566041135,sim_details_e=0_rhill/sim_5197.csv
2241,False,orbit crossing,2.8828745865873613e-05,0.079,0.0,1.5707963267948966,0.0,1.5707963267948966,1.101827867291238,1.43343095e-05,0.170534,0.28931668,1.5707963267948966,0.0,-2.2918813,1.8792748,8.507451e-06,0.2074644,0.2494388,1.5707963267948966,0.0,-2.2948325,4.247369,0.00034269932999498763,0.4,0.0,1.5707963267948966,0.0,4.014257279586958,4.090677566041135,sim_details_e=0_rhill/sim_2241.csv
1211,False,orbit crossing,2.8828745865873613e-05,0.079,0.0,1.5707963267948966,0.0,1.5707963267948966,1.101827867291238,1.45911135e-05,0.17053421,0.30505398,1.5707963267948966,0.0,-2.3695111,2.0187259,1.0315436e-05,0.20746373,0.26291773,1.5707963267948966,0.0,-2.3717582,4.3766065,0.00034269932999498763,0.4,0.0,1.5707963267948966,0.0,4.014257279586958,4.090677566041135,sim_details_e=0_rhill/sim_1211.csv
5700,False,orbit crossing,2.8828745865873613e-05,0.079,0.0,1.5707963267948966,0.0,1.5707963267948966,1.101827867291238,1.7431415e-05,0.17053431,0.27595705,1.5707963267948966,0.0,-2.449294,2.0689816,1.1974444e-05,0.20746376,0.23677182,1.5707963267948966,0.0,-2.4505033,4.429805,0.00034269932999498763,0.4,0.0,1.5707963267948966,0.0,4.014257279586958,4.090677566041135,sim_details_e=0_rhill/sim_5700.csv
2153,False,orbit crossing,2.8828745865873613e-05,0.079,0.0,1.5707963267948966,0.0,1.5707963267948966,1.101827867291238,1.6758608e-05,0.17053436,0.23073582,1.5707963267948966,0.0,-2.613002,2.181126,1.1631287e-05,0.20746343,0.19794887,1.5707963267948966,0.0,-2.6145976,4.5530925,0.00034269932999498763,0.4,0.0,1.5707963267948966,0.0,4.014257279586958,4.090677566041135,sim_details_e=0_rhill/sim_2153.csv
4131,False,orbit crossing,2.8828745865873613e-05,0.079,0.0,1.5707963267948966,0.0,1.5707963267948966,1.101827867291238,1.7636856e-05,0.1705341,0.2915581,1.5707963267948966,0.0,-2.4084206,2.0454612,1.3130567e-05,0.2074642,0.2501277,1.5707963267948966,0.0,-2.4087403,4.401451,0.00034269932999498763,0.4,0.0,1.5707963267948966,0.0,4.014257279586958,4.090677566041135,sim_details_e=0_rhill/sim_4131.csv
3843,False,orbit crossing,2.8828745865873613e-05,0.079,0.0,1.5707963267948966,0.0,1.5707963267948966,1.101827867291238,1.8752911e-05,0.17053401,0.17687319,1.5707963267948966,0.0,-2.2409172,1.6200643,1.30000835e-05,0.20746689,0.15077241,1.5707963267948966,0.0,-2.2380195,4.0131426,0.00034269932999498763,0.4,0.0,1.5707963267948966,0.0,4.014257279586958,4.090677566041135,sim_details_e=0_rhill/sim_3843.csv
5676,True,stable,2.8828745865873613e-05,0.079,0.0,1.5707963267948966,0.0,1.5707963267948966,1.101827867291238,1.7147573e-05,0.17053431,0.10074882,1.5707963267948966,0.0,-2.2096636,1.4720707,1.2036594e-05,0.20746589,0.085818715,1.5707963267948966,0.0,-2.2055686,3.8836365,0.00034269932999498763,0.4,0.0,1.5707963267948966,0.0,4.014257279586958,4.090677566041135,sim_details_e=0_rhill/sim_5676.csv
2254,False,orbit crossing,2.8828745865873613e-05,0.079,0.0,1.5707963267948966,0.0,1.5707963267948966,1.101827867291238,1.5229376e-05,0.17053472,0.12102343,1.5707963267948966,0.0,-2.6850612,2.0455775,9.282945e-06,0.20746313,0.10421353,1.5707963267948966,0.0,-2.690579,4.455264,0.00034269932999498763,0.4,0.0,1.5707963267948966,0.0,4.014257279586958,4.090677566041135,sim_details_e=0_rhill/sim_2254.csv
2118,False,orbit crossing,2.8828745865873613e-05,0.079,0.0,1.5707963267948966,0.0,1.5707963267948966,1.101827867291238,1.774835e-05,0.17053548,0.20857365,1.5707963267948966,0.0,2.847836,2.949534,1.1829155e-05,0.20745955,0.17964847,1.5707963267948966,0.0,2.844322,5.338487,0.00034269932999498763,0.4,0.0,1.5707963267948966,0.0,4.014257279586958,4.090677566041135,sim_details_e=0_rhill/sim_2118.csv
206,True,stable,2.8828745865873613e-05,0.079,0.0,1.5707963267948966,0.0,1.5707963267948966,1.101827867291238,1.5557376e-05,0.1705351,0.08685678,1.5707963267948966,0.0,2.9384122,2.6473136,9.749247e-06,0.20746182,0.074964225,1.5707963267948966,0.0,2.9325418,5.0662823,0.00034269932999498763,0.4,0.0,1.5707963267948966,0.0,4.014257279586958,4.090677566041135,sim_details_e=0_rhill/sim_206.csv
2402,False,orbit crossing,2.8828745865873613e-05,0.079,0.0,1.5707963267948966,0.0,1.5707963267948966,1.101827867291238,1.788038e-05,0.17053407,0.25784767,1.5707963267948966,0.0,-2.4393337,2.020534,1.0825774e-05,0.20746383,0.22107704,1.5707963267948966,0.0,-2.4407246,4.387583,0.00034269932999498763,0.4,0.0,1.5707963267948966,0.0,4.014257279586958,4.090677566041135,sim_details_e=0_rhill/sim_2402.csv
5690,False,orbit crossing,2.8828745865873613e-05,0.079,0.0,1.5707963267948966,0.0,1.5707963267948966,1.101827867291238,1.5654388e-05,0.17053442,0.23716065,1.5707963267948966,0.0,-2.608881,2.1893325,9.61412e-06,0.20746262,0.20417218,1.5707963267948966,0.0,-2.6117775,4.562179,0.00034269932999498763,0.4,0.0,1.5707963267948966,0.0,4.014257279586958,4.090677566041135,sim_details_e=0_rhill/sim_5690.csv
1828,False,orbit crossing,2.8828745865873613e-05,0.079,0.0,1.5707963267948966,0.0,1.5707963267948966,1.101827867291238,1.7446157e-05,0.1705344,0.23207548,1.5707963267948966,0.0,-2.5331767,2.0875726,1.1604661e-05,0.20746358,0.1989669,1.5707963267948966,0.0,-2.53494,4.4611297,0.00034269932999498763,0.4,0.0,1.5707963267948966,0.0,4.014257279586958,4.090677566041135,sim_details_e=0_rhill/sim_1828.csv
1847,False,orbit crossing,2.8828745865873613e-05,0.079,0.0,1.5707963267948966,0.0,1.5707963267948966,1.101827867291238,1.7073915e-05,0.17053397,0.27413726,1.5707963267948966,0.0,-2.2756565,1.8283153,1.0988567e-05,0.20746514,0.23538256,1.5707963267948966,0.0,-2.2764957,4.1979475,0.00034269932999498763,0.4,0.0,1.5707963267948966,0.0,4.014257279586958,4.090677566041135,sim_details_e=0_rhill/sim_1847.csv
3101,False,orbit crossing,2.8828745865873613e-05,0.079,0.0,1.5707963267948966,0.0,1.5707963267948966,1.101827867291238,1.8077135e-05,0.1705346,0.22931391,1.5707963267948966,0.0,-2.6127427,2.1778874,1.2524496e-05,0.2074633,0.19637977,1.5707963267948966,0.0,-2.6144216,4.549777,0.00034269932999498763,0.4,0.0,1.5707963267948966,0.0,4.014257279586958,4.090677566041135,sim_details_e=0_rhill/sim_3101.csv
5364,False,orbit crossing,2.8828745865873613e-05,0.079,0.0,1.5707963267948966,0.0,1.5707963267948966,1.101827867291238,1.8297183e-05,0.17053448,0.24228355,1.5707963267948966,0.0,-2.6625533,2.2622952,1.116631e-05,0.20746243,0.20783508,1.5707963267948966,0.0,-2.664944,4.6309648,0.00034269932999498763,0.4,0.0,1.5707963267948966,0.0,4.014257279586958,4.090677566041135,sim_details_e=0_rhill/sim_5364.csv
3659,False,orbit crossing,2.8828745865873613e-05,0.079,0.0,1.5707963267948966,0.0,1.5707963267948966,1.101827867291238,1.6207778e-05,0.17053467,0.22821176,1.5707963267948966,0.0,-2.6609173,2.2320094,1.0477715e-05,0.20746243,0.19619533,1.5707963267948966,0.0,-2.664223,4.606665,0.00034269932999498763,0.4,0.0,1.5707963267948966,0.0,4.014257279586958,4.090677566041135,sim_details_e=0_rhill/sim_3659.csv
3041,False,orbit crossing,2.8828745865873613e-05,0.079,0.0,1.5707963267948966,0.0,1.5707963267948966,1.101827867291238,1.5399293e-05,0.17053464,0.17723802,1.5707963267948966,0.0,-2.8127713,2.2965255,9.797642e-06,0.20746237,0.15262517,1.5707963267948966,0.0,-2.815961,4.6858463,0.00034269932999498763,0.4,0.0,1.5707963267948966,0.0,4.014257279586958,4.090677566041135,sim_details_e=0_rhill/sim_3041.csv
4477,False,orbit crossing,2.8828745865873613e-05,0.079,0.0,1.5707963267948966,0.0,1.5707963267948966,1.101827867291238,1.5750766e-05,0.17053472,0.16939317,1.5707963267948966,0.0,-2.98253,2.4574008,8.670898e-06,0.20746133,0.14607354,1.5707963267948966,0.0,-2.9881444,4.851541,0.00034269932999498763,0.4,0.0,1.5707963267948966,0.0,4.014257279586958,4.090677566041135,sim_details_e=0_rhill/sim_4477.csv
1164,False,orbit crossing,2.8828745865873613e-05,0.079,0.0,1.5707963267948966,0.0,1.5707963267948966,1.101827867291238,1.3151224e-05,0.17053452,0.21410514,1.5707963267948966,0.0,-2.4366653,1.9334989,8.618669e-06,0.20746386,0.18496574,1.5707963267948966,0.0,-2.4409394,4.320964,0.00034269932999498763,0.4,0.0,1.5707963267948966,0.0,4.014257279586958,4.090677566041135,sim_details_e=0_rhill/sim_1164.csv
1832,False,orbit crossing,2.8828745865873613e-05,0.079,0.0,1.5707963267948966,0.0,1.5707963267948966,1.101827867291238,1.783965e-05,0.1705346,0.1390679,1.5707963267948966,0.0,-2.633087,2.022884,1.071924e-05,0.2074633,0.118944235,1.5707963267948966,0.0,-2.6358426,4.4236994,0.00034269932999498763,0.4,0.0,1.5707963267948966,0.0,4.014257279586958,4.090677566041135,sim_details_e=0_rhill/sim_1832.csv
1054,False,orbit crossing,2.8828745865873613e-05,0.079,0.0,1.5707963267948966,0.0,1.5707963267948966,1.101827867291238,1.771311e-05,0.17053436,0.2029583,1.5707963267948966,0.0,-2.526687,2.022633,1.2685015e-05,0.20746458,0.17370205,1.5707963267948966,0.0,-2.5264566,4.402799,0.00034269932999498763,0.4,0.0,1.5707963267948966,0.0,4.014257279586958,4.090677566041135,sim_details_e=0_rhill/sim_1054.csv
5750,False,orbit crossing,2.8828745865873613e-05,0.079,0.0,1.5707963267948966,0.0,1.5707963267948966,1.101827867291238,1.9842782e-05,0.17053439,0.21364827,1.5707963267948966,0.0,-2.5984716,2.129518,1.3313749e-05,0.2074637,0.18243007,1.5707963267948966,0.0,-2.5985897,4.503925,0.00034269932999498763,0.4,0.0,1.5707963267948966,0.0,4.014257279586958,4.090677566041135,sim_details_e=0_rhill/sim_5750.csv
514,False,orbit crossing,2.8828745865873613e-05,0.079,0.0,1.5707963267948966,0.0,1.5707963267948966,1.101827867291238,1.8491168e-05,0.17053404,0.22342387,1.5707963267948966,0.0,-2.3612478,1.8541799,1.1125664e-05,0.20746508,0.19132036,1.5707963267948966,0.0,-2.3610377,4.2329683,0.00034269932999498763,0.4,0.0,1.5707963267948966,0.0,4.014257279586958,4.090677566041135,sim_details_e=0_rhill/sim_514.csv
1342,False,orbit crossing,2.8828745865873613e-05,0.079,0.0,1.5707963267948966,0.0,1.5707963267948966,1.101827867291238,1.671277e-05,0.17053452,0.2550877,1.5707963267948966,0.0,-2.5829773,2.1951213,1.0684233e-05,0.20746242,0.21923603,1.5707963267948966,0.0,-2.585779,4.561626,0.00034269932999498763,0.4,0.0,1.5707963267948966,0.0,4.014257279586958,4.090677566041135,sim_details_e=0_rhill/sim_1342.csv
4246,True,stable,2.8828745865873613e-05,0.079,0.0,1.5707963267948966,0.0,1.5707963267948966,1.101827867291238,1.6969552e-05,0.1705352,0.08397872,1.5707963267948966,0.0,3.0841632,2.5007825,1.0101769e-05,0.2074612,0.07222121,1.5707963267948966,0.0,3.0751474,4.9223247,0.00034269932999498763,0.4,0.0,1.5707963267948966,0.0,4.014257279586958,4.090677566041135,sim_details_e=0_rhill/sim_4246.csv
5232,False,orbit crossing,2.8828745865873613e-05,0.079,0.0,1.5707963267948966,0.0,1.5707963267948966,1.101827867291238,1.6832006e-05,0.17053403,0.29431105,1.5707963267948966,0.0,-2.342737,1.960424,1.2494219e-05,0.20746472,0.25262663,1.5707963267948966,0.0,-2.3433266,4.3191366,0.00034269932999498763,0.4,0.0,1.5707963267948966,0.0,4.014257279586958,4.090677566041135,sim_details_e=0_rhill/sim_5232.csv
702,False,orbit crossing,2.8828745865873613e-05,0.079,0.0,1.5707963267948966,0.0,1.5707963267948966,1.101827867291238,1.8230914e-05,0.17053382,0.21872014,1.5707963267948966,0.0,-2.2076864,1.6409025,1.2235714e-05,0.20746705,0.18697295,1.5707963267948966,0.0,-2.2062058,4.026337,0.00034269932999498763,0.4,0.0,1.5707963267948966,0.0,4.014257279586958,4.090677566041135,sim_details_e=0_rhill/sim_702.csv
4571,False,orbit crossing,2.8828745865873613e-05,0.079,0.0,1.5707963267948966,0.0,1.5707963267948966,1.101827867291238,1.6904982e-05,0.17053524,0.16362253,1.5707963267948966,0.0,2.8085966,2.9052749,1.0927312e-05,0.20746066,0.14084986,1.5707963267948966,0.0,2.803754,5.306225,0.00034269932999498763,0.4,0.0,1.5707963267948966,0.0,4.014257279586958,4.090677566041135,sim_details_e=0_rhill/sim_4571.csv
1384,False,orbit crossing,2.8828745865873613e-05,0.079,0.0,1.5707963267948966,0.0,1.5707963267948966,1.101827867291238,2.1396521e-05,0.1705355,0.14715056,1.5707963267948966,0.0,3.1267517,2.583548,1.4113656e-05,0.20746073,0.1252498,1.5707963267948966,0.0,3.119229,4.984001,0.00034269932999498763,0.4,0.0,1.5707963267948966,0.0,4.014257279586958,4.090677566041135,sim_details_e=0_rhill/sim_1384.csv
3188,False,encounter,2.8828745865873613e-05,0.079,0.0,1.5707963267948966,0.0,1.5707963267948966,1.101827867291238,1.5463595e-05,0.17053376,0.3690539,1.5707963267948966,0.0,-2.3192115,2.0743089,9.519326e-06,0.20746344,0.3186627,1.5707963267948966,0.0,-2.3209732,4.412355,0.00034269932999498763,0.4,0.0,1.5707963267948966,0.0,4.014257279586958,4.090677566041135,sim_details_e=0_rhill/sim_3188.csv
1006,False,orbit crossing,2.8828745865873613e-05,0.079,0.0,1.5707963267948966,0.0,1.5707963267948966,1.101827867291238,1.4042177e-05,0.17053437,0.27732837,1.5707963267948966,0.0,-2.299979,1.8688893,7.968603e-06,0.2074633,0.23937629,1.5707963267948966,0.0,-2.3045998,4.243023,0.00034269932999498763,0.4,0.0,1.5707963267948966,0.0,4.014257279586958,4.090677566041135,sim_details_e=0_rhill/sim_1006.csv
235,False,orbit crossing,2.8828745865873613e-05,0.079,0.0,1.5707963267948966,0.0,1.5707963267948966,1.101827867291238,1.7574393e-05,0.17053421,0.23834008,1.5707963267948966,0.0,-2.456565,2.0046906,1.1621332e-05,0.20746434,0.20419458,1.5707963267948966,0.0,-2.457609,4.3769674,0.00034269932999498763,0.4,0.0,1.5707963267948966,0.0,4.014257279586958,4.090677566041135,sim_details_e=0_rhill/sim_235.csv
3093,False,orbit crossing,2.8828745865873613e-05,0.079,0.0,1.5707963267948966,0.0,1.5707963267948966,1.101827867291238,1.6129583e-05,0.1705343,0.23424007,1.5707963267948966,0.0,-2.5469608,2.1088338,1.1144792e-05,0.20746359,0.2012774,1.5707963267948966,0.0,-2.5483785,4.481669,0.00034269932999498763,0.4,0.0,1.5707963267948966,0.0,4.014257279586958,4.090677566041135,sim_details_e=0_rhill/sim_3093.csv
1662,False,orbit crossing,2.8828745865873613e-05,0.079,0.0,1.5707963267948966,0.0,1.5707963267948966,1.101827867291238,1.6556549e-05,0.17053422,0.18724352,1.5707963267948966,0.0,-2.1874268,1.5663519,1.1008965e-05,0.20746629,0.1601865,1.5707963267948966,0.0,-2.18836,3.9643016,0.00034269932999498763,0.4,0.0,1.5707963267948966,0.0,4.014257279586958,4.090677566041135,sim_details_e=0_rhill/sim_1662.csv
4895,False,orbit crossing,2.8828745865873613e-05,0.079,0.0,1.5707963267948966,0.0,1.5707963267948966,1.101827867291238,1.4854107e-05,0.17053409,0.22678214,1.5707963267948966,0.0,-2.2223113,1.6737041,9.21107e-06,0.20746551,0.19486137,1.5707963267948966,0.0,-2.225692,4.063961,0.00034269932999498763,0.4,0.0,1.5707963267948966,0.0,4.014257279586958,4.090677566041135,sim_details_e=0_rhill/sim_4895.csv
1218,False,orbit crossing,2.8828745865873613e-05,0.079,0.0,1.5707963267948966,0.0,1.5707963267948966,1.101827867291238,2.1457314e-05,0.17053413,0.12383461,1.5707963267948966,0.0,-2.1717224,1.4580207,1.2757148e-05,0.20746632,0.104959324,1.5707963267948966,0.0,-2.1631439,3.8592055,0.00034269932999498763,0.4,0.0,1.5707963267948966,0.0,4.014257279586958,4.090677566041135,sim_details_e=0_rhill/sim_1218.csv
539,False,orbit crossing,2.8828745865873613e-05,0.079,0.0,1.5707963267948966,0.0,1.5707963267948966,1.101827867291238,1.804153e-05,0.17053421,0.21554565,1.5707963267948966,0.0,-2.4151425,1.9088864,1.222878e-05,0.20746507,0.18455705,1.5707963267948966,0.0,-2.414417,4.287647,0.00034269932999498763,0.4,0.0,1.5707963267948966,0.0,4.014257279586958,4.090677566041135,sim_details_e=0_rhill/sim_539.csv
3958,False,orbit crossing,2.8828745865873613e-05,0.079,0.0,1.5707963267948966,0.0,1.5707963267948966,1.101827867291238,1.7290959e-05,0.17053454,0.20702526,1.5707963267948966,0.0,-2.5997481,2.1180482,1.057862e-05,0.20746289,0.17772876,1.5707963267948966,0.0,-2.60173,4.4983716,0.00034269932999498763,0.4,0.0,1.5707963267948966,0.0,4.014257279586958,4.090677566041135,sim_details_e=0_rhill/sim_3958.csv
2762,False,orbit crossing,2.8828745865873613e-05,0.079,0.0,1.5707963267948966,0.0,1.5707963267948966,1.101827867291238,1.6083375e-05,0.17053396,0.30123842,1.5707963267948966,0.0,-2.4403522,2.1076522,9.84772e-06,0.20746338,0.25946364,1.5707963267948966,0.0,-2.441845,4.462616,0.00034269932999498763,0.4,0.0,1.5707963267948966,0.0,4.014257279586958,4.090677566041135,sim_details_e=0_rhill/sim_2762.csv
3140,False,orbit crossing,2.8828745865873613e-05,0.079,0.0,1.5707963267948966,0.0,1.5707963267948966,1.101827867291238,1.8133627e-05,0.17053476,0.14594047,1.5707963267948966,0.0,-2.7171512,2.1298118,1.123747e-05,0.20746267,0.12464714,1.5707963267948966,0.0,-2.7217164,4.5286183,0.00034269932999498763,0.4,0.0,1.5707963267948966,0.0,4.014257279586958,4.090677566041135,sim_details_e=0_rhill/sim_3140.csv
2801,False,orbit crossing,2.8828745865873613e-05,0.079,0.0,1.5707963267948966,0.0,1.5707963267948966,1.101827867291238,1.9118941e-05,0.1705343,0.21952996,1.5707963267948966,0.0,-2.4650154,1.9791093,1.2512595e-05,0.20746398,0.18767425,1.5707963267948966,0.0,-2.4654188,4.3557987,0.00034269932999498763,0.4,0.0,1.5707963267948966,0.0,4.014257279586958,4.090677566041135,sim_details_e=0_rhill/sim_2801.csv
1836,False,orbit crossing,2.8828745865873613e-05,0.079,0.0,1.5707963267948966,0.0,1.5707963267948966,1.101827867291238,1.9809911e-05,0.17053477,0.13943951,1.5707963267948966,0.0,-2.617034,2.0057492,1.4172638e-05,0.20746422,0.11830938,1.5707963267948966,0.0,-2.6166337,4.4012904,0.00034269932999498763,0.4,0.0,1.5707963267948966,0.0,4.014257279586958,4.090677566041135,sim_details_e=0_rhill/sim_1836.csv
584,False,orbit crossing,2.8828745865873613e-05,0.079,0.0,1.5707963267948966,0.0,1.5707963267948966,1.101827867291238,1.6327453e-05,0.17053452,0.18939713,1.5707963267948966,0.0,-2.7950616,2.3019814,1.00327115e-05,0.2074626,0.16298455,1.5707963267948966,0.0,-2.7961624,4.6855783,0.00034269932999498763,0.4,0.0,1.5707963267948966,0.0,4.014257279586958,4.090677566041135,sim_details_e=0_rhill/sim_584.csv
644,False,orbit crossing,2.8828745865873613e-05,0.079,0.0,1.5707963267948966,0.0,1.5707963267948966,1.101827867291238,1.2698157e-05,0.17053394,0.32695606,1.5707963267948966,0.0,-2.3126187,1.9804502,7.3176716e-06,0.20746346,0.28296,1.5707963267948966,0.0,-2.3159819,4.3374157,0.00034269932999498763,0.4,0.0,1.5707963267948966,0.0,4.014257279586958,4.090677566041135,sim_details_e=0_rhill/sim_644.csv
2788,False,orbit crossing,2.8828745865873613e-05,0.079,0.0,1.5707963267948966,0.0,1.5707963267948966,1.101827867291238,1.6231885e-05,0.17053379,0.2864303,1.5707963267948966,0.0,-2.1902292,1.7253041,1.0714071e-05,0.20746629,0.24589182,1.5707963267948966,0.0,-2.1913433,4.0966763,0.00034269932999498763,0.4,0.0,1.5707963267948966,0.0,4.014257279586958,4.090677566041135,sim_details_e=0_rhill/sim_2788.csv
1660,False,orbit crossing,2.8828745865873613e-05,0.079,0.0,1.5707963267948966,0.0,1.5707963267948966,1.101827867291238,1.8719675e-05,0.17053431,0.21865076,1.5707963267948966,0.0,-2.4963174,2.0164094,1.2217062e-05,0.20746386,0.18703935,1.5707963267948966,0.0,-2.4968266,4.392622,0.00034269932999498763,0.4,0.0,1.5707963267948966,0.0,4.014257279586958,4.090677566041135,sim_details_e=0_rhill/sim_1660.csv
4560,False,orbit crossing,2.8828745865873613e-05,0.079,0.0,1.5707963267948966,0.0,1.5707963267948966,1.101827867291238,1.770444e-05,0.17053387,0.3031387,1.5707963267948966,0.0,-2.222985,1.8029895,1.1227286e-05,0.20746541,0.26031724,1.5707963267948966,0.0,-2.223438,4.165961,0.00034269932999498763,0.4,0.0,1.5707963267948966,0.0,4.014257279586958,4.090677566041135,sim_details_e=0_rhill/sim_4560.csv
5672,False,orbit crossing,2.8828745865873613e-05,0.079,0.0,1.5707963267948966,0.0,1.5707963267948966,1.101827867291238,1.4581246e-05,0.17053482,0.14555852,1.5707963267948966,0.0,-2.7592382,2.1751876,8.933002e-06,0.20746225,0.1255393,1.5707963267948966,0.0,-2.765834,4.577951,0.00034269932999498763,0.4,0.0,1.5707963267948966,0.0,4.014257279586958,4.090677566041135,sim_details_e=0_rhill/sim_5672.csv
66,False,orbit crossing,2.8828745865873613e-05,0.079,0.0,1.5707963267948966,0.0,1.5707963267948966,1.101827867291238,1.3591361e-05,0.17053422,0.28768256,1.5707963267948966,0.0,-2.299143,1.8862891,7.826631e-06,0.2074636,0.24852945,1.5707963267948966,0.0,-2.3032293,4.257273,0.00034269932999498763,0.4,0.0,1.5707963267948966,0.0,4.014257279586958,4.090677566041135,sim_details_e=0_rhill/sim_66.csv
